{
	"module" : {
		"name" : "generic-env",
		"author" : "RavenC4",
		"series" : "IX",
		"description" : "A .env file was discovered containing sensitive information like database credentials and tokens. It should not be publicly accessible.",
		"reference" : "https://github.com/projectdiscovery/nuclei-templates/blob/main/http/vulnerabilities/generic/generic-env.yaml"
	},

	"metadata" : {
		"method"	: "GET_HEADER",
		"part"	: "header"
	},

	"payloads" :{
		"paths": [
			"/.env",
	        "/.env.bak",
	        "/.env.dev",
	        "/.env.dev.local",
	        "/.env.development.local",
	        "/.env.prod",
	        "/.env.prod.local",
	        "/.env.production",
	        "/.env.production.local",
	        "/.env.local",
	        "/.env.example",
	        "/.env.stage",
	        "/.env.live",
	        "/.env.backup",
	        "/.env.save",
	        "/.env.old",
	        "/.env.www",
	        "/.env_1",
	        "/.env_sample",
	        "/.env.{{DN}}",
	        "/.env.{{SD}}",
	        "/api/.env"
			]
	},

	"tags" : ["env","missconfig"],
	"words" : {"success_return" : "Found env file with 200/403 return"},
	"success_on" : {"status_code"  : "200 OK|HTTP/2 200|HTTP/1.1 200|403"}
}
