{
	"module" : {
		"name" : "phpmyadmin-finder",
		"author" : "RavenC4",
		"series" : "IX",
		"description" : "Find phpmyadmin with directory searching.",
		"reference" : "https://github.com/projectdiscovery/nuclei-templates/blob/main/http/exposed-panels/phpmyadmin-panel.yaml"
	},

	"metadata" : {
		"method"	: "GET_HEADER",
		"part"	: "header"
	},

	"payloads" :{
		"paths": [
			"/index.php",
			"/admin/login.php",
			"/pma/",
			"/pmd/",
	        "/phpmyadmin/",
	        "/admin/phpmyadmin/",
	        "/_phpmyadmin/",
	        "/administrator/components/com_joommyadmin/phpmyadmin/",
	        "/apache-default/phpmyadmin/",
	        "/blog/phpmyadmin/",
	        "/forum/phpmyadmin/",
	        "/php/phpmyadmin/",
	        "/typo3/phpmyadmin/",
	        "/web/phpmyadmin/",
	        "/xampp/phpmyadmin/",
	        "/phpMyAdmin/",
	        "/phpma/",
	        "/phpMyAdmin/index.php"
			]
	},

	"tags" : ["phpmyadmin","missconfig"],
	"words" : {"success_return" : "Found phpmyadmin path with 200 return"},
	"success_on" : {"status_code"  : "200 OK|HTTP/2 200|HTTP/1.1 200"}
}
